run_no,timestamp,xLeaderReal,vLeaderReal,aLeaderReal,xFollowerReal,vFollowerReal,aFollowerReal,xLeaderReal_next,vLeaderReal_next,aLeaderReal_next,xFollowerReal_next,vFollowerReal_next,aFollowerReal_next,spacing,speed_difference,follower_id,leader_id
19,3.0,81.3547,27.934,1.89,69.26,28.85,0.66,84.1481,28.123,2.21,72.145,28.916,0.76,7.094699999999989,0.9160000000000004,51,50
19,3.1,84.1481,28.123,2.21,72.145,28.916,0.76,86.9604,28.3435,2.52,75.0366,28.991999999999997,0.85,7.003100000000003,0.7929999999999993,51,50
19,3.2,86.9604,28.3435,2.52,75.0366,28.991999999999997,0.85,89.79475,28.5955,2.94,77.9358,29.0775,0.96,6.9238,0.6484999999999985,51,50
19,3.3,89.79475,28.5955,2.94,77.9358,29.0775,0.96,92.6543,28.8895,3.25,80.84355,29.173000000000002,0.85,6.858949999999993,0.4819999999999993,51,50
19,3.4,92.6543,28.8895,3.25,80.84355,29.173000000000002,0.85,95.54325,29.2145,3.46,83.76085,29.2575,0.94,6.810750000000013,0.2835000000000001,51,50
19,3.5,95.54325,29.2145,3.46,83.76085,29.2575,0.94,98.4647,29.5605,3.56,86.6866,29.3515,0.83,6.7823999999999955,0.04299999999999926,51,50
19,3.6,98.4647,29.5605,3.56,86.6866,29.3515,0.83,101.42075,29.916,3.45,89.62175,29.435,0.83,6.778099999999995,-0.20899999999999963,51,50
19,3.7,101.42075,29.916,3.45,89.62175,29.435,0.83,104.41235,30.2605,3.33,92.56525,29.5175,0.62,6.798999999999992,-0.48100000000000165,51,50
19,3.8,104.41235,30.2605,3.33,92.56525,29.5175,0.62,107.4384,30.5935,3.01,95.51700000000001,29.579,0.61,6.8470999999999975,-0.7430000000000021,51,50
19,3.9,107.4384,30.5935,3.01,95.51700000000001,29.579,0.61,110.49775,30.8945,2.68,98.4749,29.64,0.5,6.921399999999991,-1.0144999999999982,51,50
19,4.0,110.49775,30.8945,2.68,98.4749,29.64,0.5,113.5872,31.163,2.37,101.4389,29.69,0.5,7.022849999999991,-1.2545000000000002,51,50
19,4.1,113.5872,31.163,2.37,101.4389,29.69,0.5,116.7035,31.4,1.85,104.4079,29.74,0.39,7.148299999999992,-1.472999999999999,51,50
19,4.2,116.7035,31.4,1.85,104.4079,29.74,0.39,119.8435,31.585,1.53,107.3819,29.7795,0.3,7.295600000000007,-1.6600000000000001,51,50
19,4.3,119.8435,31.585,1.53,107.3819,29.7795,0.3,123.00200000000001,31.7375,1.01,110.35985,29.809,0.29,7.461600000000004,-1.805500000000002,51,50
19,4.4,123.00200000000001,31.7375,1.01,110.35985,29.809,0.29,126.17575,31.839000000000002,0.7,113.34075,29.838,0.29,7.642150000000015,-1.9284999999999997,51,50
19,4.5,126.17575,31.839000000000002,0.7,113.34075,29.838,0.29,129.35965,31.909000000000002,0.28,116.32455,29.866999999999997,0.3,7.834999999999994,-2.0010000000000012,51,50
19,4.6,129.35965,31.909000000000002,0.28,116.32455,29.866999999999997,0.3,132.55055,31.9375,-0.11,119.31125,29.8965,0.29,8.035099999999986,-2.042000000000005,51,50
19,4.7,132.55055,31.9375,-0.11,119.31125,29.8965,0.29,135.7443,31.926,-0.32,122.3009,29.926,0.29,8.239299999999986,-2.0410000000000004,51,50
19,4.8,135.7443,31.926,-0.32,122.3009,29.926,0.29,138.9369,31.8935,-0.52,125.2935,29.955,0.29,8.443400000000011,-2.0,51,50
19,4.9,138.9369,31.8935,-0.52,125.2935,29.955,0.29,142.12625,31.8415,-0.82,128.289,29.9845,0.5,8.643400000000014,-1.9385000000000012,51,50
19,5.0,142.12625,31.8415,-0.82,128.289,29.9845,0.5,145.3104,31.76,-0.7,131.28745,30.0345,0.61,8.837250000000012,-1.8569999999999993,51,50
19,5.1,145.3104,31.76,-0.7,131.28745,30.0345,0.61,148.4864,31.6895,-0.79,134.2909,30.0955,0.92,9.02294999999998,-1.7255000000000003,51,50
19,5.2,148.4864,31.6895,-0.79,134.2909,30.0955,0.92,151.65535,31.6105,-0.68,137.30045,30.186999999999998,1.23,9.19550000000001,-1.5939999999999976,51,50
19,5.3,151.65535,31.6105,-0.68,137.30045,30.186999999999998,1.23,154.8164,31.54300000000001,-0.56,140.31915,30.31,1.43,9.354899999999986,-1.4235000000000007,51,50
19,5.4,154.8164,31.54300000000001,-0.56,140.31915,30.31,1.43,157.9707,31.487,-0.45,143.35015,30.4535,1.54,9.49724999999998,-1.2330000000000112,51,50
19,5.5,157.9707,31.487,-0.45,143.35015,30.4535,1.54,161.1194,31.4425,-0.12,146.3955,30.608,1.74,9.62054999999998,-1.0335,51,50
19,5.6,161.1194,31.4425,-0.12,146.3955,30.608,1.74,164.26365,31.4305,0.09,149.4563,30.781999999999996,1.64,9.723900000000015,-0.8344999999999985,51,50
19,5.7,164.26365,31.4305,0.09,149.4563,30.781999999999996,1.64,167.4067,31.4395,0.31,152.5345,30.945999999999998,1.53,9.807350000000014,-0.6485000000000021,51,50
19,5.8,167.4067,31.4395,0.31,152.5345,30.945999999999998,1.53,170.55065,31.47,0.52,155.6291,31.0985,1.31,9.872199999999992,-0.49350000000000094,51,50
19,5.9,170.55065,31.47,0.52,155.6291,31.0985,1.31,173.69765,31.522,0.62,158.73895,31.2295,1.09,9.921549999999996,-0.3714999999999975,51,50
19,6.0,173.69765,31.522,0.62,158.73895,31.2295,1.09,176.84985,31.5845,0.83,161.8619,31.3385,0.88,9.958700000000022,-0.2924999999999969,51,50
19,6.1,176.84985,31.5845,0.83,161.8619,31.3385,0.88,180.0083,31.6675,0.83,164.99575,31.4265,0.57,9.987950000000012,-0.24599999999999866,51,50
19,6.2,180.0083,31.6675,0.83,164.99575,31.4265,0.57,183.17505,31.7505,1.04,168.1384,31.4835,0.36,10.012550000000005,-0.24099999999999966,51,50
19,6.3,183.17505,31.7505,1.04,168.1384,31.4835,0.36,186.3501,31.854,1.03,171.28675,31.5195,0.15,10.036650000000009,-0.26699999999999946,51,50
19,6.4,186.3501,31.854,1.03,171.28675,31.5195,0.15,189.5355,31.956999999999997,1.03,174.4387,31.5345,0.05,10.063349999999986,-0.33449999999999847,51,50
19,6.5,189.5355,31.956999999999997,1.03,174.4387,31.5345,0.05,192.7312,32.06,0.92,177.59215,31.5395,-0.15,10.096800000000002,-0.4224999999999959,51,50
19,6.6,192.7312,32.06,0.92,177.59215,31.5395,-0.15,195.9372,32.152,0.92,180.7461,31.5245,-0.15,10.139049999999997,-0.520500000000002,51,50
19,6.7,195.9372,32.152,0.92,180.7461,31.5245,-0.15,199.1524,32.2435,0.81,183.89855,31.5095,-0.25,10.191099999999977,-0.6275000000000013,51,50
19,6.8,199.1524,32.2435,0.81,183.89855,31.5095,-0.25,202.37675,32.3245,0.6,187.0495,31.4845,-0.24,10.25385,-0.7339999999999982,51,50
19,6.9,202.37675,32.3245,0.6,187.0495,31.4845,-0.24,205.6092,32.384,0.59,190.19795,31.46,-0.24,10.327249999999992,-0.8399999999999999,51,50
19,7.0,205.6092,32.384,0.59,190.19795,31.46,-0.24,208.8476,32.4435,0.49,193.34395,31.4365,-0.24,10.411249999999995,-0.9239999999999995,51,50
19,7.1,208.8476,32.4435,0.49,193.34395,31.4365,-0.24,212.09195,32.492,0.28,196.4876,31.413,-0.12,10.503649999999993,-1.0070000000000014,51,50
19,7.2,212.09195,32.492,0.28,196.4876,31.413,-0.12,215.34115,32.5205,0.28,199.6289,31.401,-0.01,10.60435000000001,-1.078999999999997,51,50
19,7.3,215.34115,32.5205,0.28,199.6289,31.401,-0.01,218.5932,32.548,0.17,202.769,31.3995,-0.01,10.712250000000012,-1.1194999999999986,51,50
19,7.4,218.5932,32.548,0.17,202.769,31.3995,-0.01,221.84799999999998,32.5655,-0.02,205.90895,31.398000000000003,0.1,10.82419999999999,-1.148500000000002,51,50
19,7.5,221.84799999999998,32.5655,-0.02,205.90895,31.398000000000003,0.1,225.10455,32.563,0.07,209.04875,31.4075,0.1,10.93904999999998,-1.1674999999999969,51,50
19,7.6,225.10455,32.563,0.07,209.04875,31.4075,0.1,228.36085,32.57,-0.12,212.1895,31.4175,0.1,11.055799999999977,-1.1555000000000035,51,50
19,7.7,228.36085,32.57,-0.12,212.1895,31.4175,0.1,231.61785,32.5575,-0.13,215.33125,31.4275,0.2,11.17134999999999,-1.1524999999999999,51,50
19,7.8,231.61785,32.5575,-0.13,215.33125,31.4275,0.2,234.8736,32.5445,-0.13,218.47400000000002,31.4475,0.3,11.286599999999993,-1.129999999999999,51,50
19,7.9,234.8736,32.5445,-0.13,218.47400000000002,31.4475,0.3,238.12805,32.532,-0.22,221.61875,31.478,0.2,11.399599999999992,-1.0969999999999978,51,50
19,8.0,238.12805,32.532,-0.22,221.61875,31.478,0.2,241.38125,32.5095,-0.12,224.76655,31.4985,0.2,11.509299999999996,-1.053999999999995,51,50
19,8.1,241.38125,32.5095,-0.12,224.76655,31.4985,0.2,244.6322,32.4975,-0.22,227.9164,31.519000000000002,0.31,11.6147,-1.0110000000000028,51,50
19,8.2,244.6322,32.4975,-0.22,227.9164,31.519000000000002,0.31,247.88195,32.4755,-0.11,231.0683,31.5495,0.31,11.715800000000002,-0.9785000000000004,51,50
19,8.3,247.88195,32.4755,-0.11,231.0683,31.5495,0.31,251.1295,32.4645,-0.01,234.22325,31.5805,0.41,11.813649999999996,-0.9259999999999984,51,50
19,8.4,251.1295,32.4645,-0.01,234.22325,31.5805,0.41,254.37595,32.4635,-0.01,237.3813,31.621,0.31,11.90625,-0.8840000000000003,51,50
19,8.5,254.37595,32.4635,-0.01,237.3813,31.621,0.31,257.6223,32.463,0.0,240.5434,31.651999999999997,0.4,11.994649999999979,-0.8425000000000047,51,50
19,8.6,257.6223,32.463,0.0,240.5434,31.651999999999997,0.4,260.8686,32.4625,0.1,243.7086,31.6925,0.41,12.078900000000004,-0.8110000000000035,51,50
19,8.7,260.8686,32.4625,0.1,243.7086,31.6925,0.41,264.11485,32.473,0.11,246.87785,31.7335,0.41,12.160000000000025,-0.7699999999999996,51,50
19,8.8,264.11485,32.473,0.11,246.87785,31.7335,0.41,267.36215,32.4835,0.21,250.0512,31.7745,0.51,12.236999999999995,-0.7394999999999996,51,50
19,8.9,267.36215,32.4835,0.21,250.0512,31.7745,0.51,270.6105,32.504,0.21,253.22865,31.826,0.51,12.310949999999991,-0.7089999999999996,51,50
19,9.0,270.6105,32.504,0.21,253.22865,31.826,0.51,273.8609,32.525,0.21,256.41125,31.877,0.51,12.381850000000014,-0.6779999999999973,51,50
19,9.1,273.8609,32.525,0.21,256.41125,31.877,0.51,277.1134,32.546,0.31,259.59895,31.928,0.61,12.44965000000002,-0.6479999999999997,51,50
19,9.2,277.1134,32.546,0.31,259.59895,31.928,0.61,280.368,32.5765,0.2,262.79175,31.989,0.51,12.51445000000001,-0.6179999999999986,51,50
19,9.3,280.368,32.5765,0.2,262.79175,31.989,0.51,283.62565,32.597,0.2,265.99065,32.04,0.4,12.576250000000016,-0.5875000000000021,51,50
19,9.4,283.62565,32.597,0.2,265.99065,32.04,0.4,286.88535,32.6175,0.1,269.19465,32.0805,0.5,12.634999999999991,-0.5570000000000022,51,50
19,9.5,286.88535,32.6175,0.1,269.19465,32.0805,0.5,290.1471,32.6275,0.09,272.4027,32.1305,0.29,12.690699999999993,-0.536999999999999,51,50
19,9.6,290.1471,32.6275,0.09,272.4027,32.1305,0.29,293.40985,32.637,-0.11,275.61575,32.16,0.19,12.744400000000041,-0.4969999999999999,51,50
19,9.7,293.40985,32.637,-0.11,275.61575,32.16,0.19,296.67355,32.6255,-0.11,278.83175,32.179,0.08,12.794100000000014,-0.47700000000000387,51,50
19,9.8,296.67355,32.6255,-0.11,278.83175,32.179,0.08,299.9361,32.614000000000004,-0.22,282.04965,32.187,-0.02,12.841799999999978,-0.44650000000000034,51,50
19,9.9,299.9361,32.614000000000004,-0.22,282.04965,32.187,-0.02,303.1975,32.592,-0.32,285.26835,32.185,-0.12,12.886450000000025,-0.4270000000000067,51,50
19,10.0,303.1975,32.592,-0.32,285.26835,32.185,-0.12,306.4567,32.56,-0.43,288.48685,32.173,-0.12,12.929149999999993,-0.4069999999999965,51,50
19,10.1,306.4567,32.56,-0.43,288.48685,32.173,-0.12,309.7127,32.5175,-0.42,291.70415,32.1605,-0.23,12.969850000000008,-0.38700000000000045,51,50
19,10.2,309.7127,32.5175,-0.42,291.70415,32.1605,-0.23,312.96445,32.4755,-0.42,294.9202,32.138000000000005,-0.22,13.008549999999957,-0.3569999999999993,51,50
19,10.3,312.96445,32.4755,-0.42,294.9202,32.138000000000005,-0.22,316.212,32.4335,-0.52,298.134,32.1155,-0.33,13.044249999999977,-0.3374999999999915,51,50
19,10.4,316.212,32.4335,-0.52,298.134,32.1155,-0.33,319.45535,32.3815,-0.42,301.34555,32.083,-0.32,13.077999999999975,-0.31800000000000495,51,50
19,10.5,319.45535,32.3815,-0.42,301.34555,32.083,-0.32,322.6935,32.3395,-0.51,304.55385,32.051,-0.22,13.109800000000007,-0.2985000000000042,51,50
19,10.6,322.6935,32.3395,-0.51,304.55385,32.051,-0.22,325.92745,32.288000000000004,-0.41,307.75895,32.029,-0.31,13.13964999999996,-0.2884999999999991,51,50
19,10.7,325.92745,32.288000000000004,-0.41,307.75895,32.029,-0.31,329.15625,32.247,-0.41,310.96185,31.9975,-0.21,13.168499999999995,-0.25900000000000034,51,50
19,10.8,329.15625,32.247,-0.41,310.96185,31.9975,-0.21,332.38095,32.2065,-0.3,314.1616,31.9765,-0.1,13.194399999999973,-0.24950000000000117,51,50
19,10.9,332.38095,32.2065,-0.3,314.1616,31.9765,-0.1,335.6016,32.176,-0.2,317.35925,31.965999999999998,-0.1,13.219349999999963,-0.22999999999999687,51,50
19,11.0,335.6016,32.176,-0.2,317.35925,31.965999999999998,-0.1,338.8192,32.1565,-0.19,320.55585,31.956,0.0,13.242350000000044,-0.2100000000000044,51,50
19,11.1,338.8192,32.1565,-0.19,320.55585,31.956,0.0,342.03485,32.137,-0.09,323.75145,31.9565,0.01,13.263350000000003,-0.20050000000000168,51,50
19,11.2,342.03485,32.137,-0.09,323.75145,31.9565,0.01,345.24855,32.128,0.01,326.9471,31.9575,0.11,13.283400000000029,-0.1805000000000021,51,50
19,11.3,345.24855,32.128,0.01,326.9471,31.9575,0.11,348.46135,32.129,0.01,330.14285,31.968000000000004,0.11,13.301450000000045,-0.17050000000000054,51,50
19,11.4,348.46135,32.129,0.01,330.14285,31.968000000000004,0.11,351.67425,32.1305,0.02,333.33965,31.9795,0.21,13.318499999999972,-0.16099999999999426,51,50
19,11.5,351.67425,32.1305,0.02,333.33965,31.9795,0.21,354.8873,32.132,0.01,336.5376,32.0005,0.11,13.334599999999966,-0.15099999999999625,51,50
19,11.6,354.8873,32.132,0.01,336.5376,32.0005,0.11,358.1005,32.133,0.01,339.73765,32.010999999999996,0.1,13.349699999999984,-0.1314999999999955,51,50
19,11.7,358.1005,32.133,0.01,339.73765,32.010999999999996,0.1,361.3138,32.134,0.0,342.93875,32.0215,0.1,13.362850000000037,-0.12200000000000699,51,50
19,11.8,361.3138,32.134,0.0,342.93875,32.0215,0.1,364.5272,32.1345,-0.09,346.1409,32.0315,0.0,13.375049999999987,-0.11249999999999716,51,50
19,11.9,364.5272,32.1345,-0.09,346.1409,32.0315,0.0,367.74065,32.125,-0.1,349.34405,32.0315,-0.11,13.386300000000006,-0.10300000000000153,51,50
19,12.0,367.74065,32.125,-0.1,349.34405,32.0315,-0.11,370.95315,32.1145,-0.21,352.5472,32.0205,-0.32,13.396600000000035,-0.0934999999999988,51,50
19,12.1,370.95315,32.1145,-0.21,352.5472,32.0205,-0.32,374.1646,32.094,-0.31,355.74925,31.989,-0.32,13.405950000000018,-0.0940000000000012,51,50
19,12.2,374.1646,32.094,-0.31,355.74925,31.989,-0.32,377.374,32.0625,-0.52,358.94815,31.956999999999997,-0.63,13.41534999999999,-0.10500000000000043,51,50
19,12.3,377.374,32.0625,-0.52,358.94815,31.956999999999997,-0.63,380.58025,32.0105,-0.63,362.14385,31.894000000000002,-0.74,13.425850000000025,-0.10550000000000281,51,50
19,12.4,380.58025,32.0105,-0.63,362.14385,31.894000000000002,-0.74,383.7813,31.948,-0.83,365.33325,31.82,-0.95,13.436399999999992,-0.1164999999999985,51,50
19,12.5,383.7813,31.948,-0.83,365.33325,31.82,-0.95,386.9761,31.865,-0.84,368.51525,31.7255,-1.15,13.448049999999967,-0.1280000000000001,51,50
19,12.6,386.9761,31.865,-0.84,368.51525,31.7255,-1.15,390.1626,31.7815,-0.93,371.6878,31.611,-1.15,13.460849999999994,-0.13949999999999818,51,50
19,12.7,390.1626,31.7815,-0.93,371.6878,31.611,-1.15,393.34075,31.688000000000002,-1.03,374.8489,31.496,-1.25,13.474800000000016,-0.17050000000000054,51,50
19,12.8,393.34075,31.688000000000002,-1.03,374.8489,31.496,-1.25,396.50955,31.585,-1.03,377.9985,31.3715,-1.24,13.49185,-0.19200000000000372,51,50
19,12.9,396.50955,31.585,-1.03,377.9985,31.3715,-1.24,399.66805,31.482,-0.92,381.13565,31.2475,-1.13,13.511050000000012,-0.2134999999999998,51,50
19,13.0,399.66805,31.482,-0.92,381.13565,31.2475,-1.13,402.81625,31.3895,-0.81,384.2604,31.1345,-1.01,13.532399999999996,-0.2345000000000006,51,50
19,13.1,402.81625,31.3895,-0.81,384.2604,31.1345,-1.01,405.9552,31.3085,-0.6,387.37385,31.033,-0.91,13.55585000000002,-0.25500000000000256,51,50
19,13.2,405.9552,31.3085,-0.6,387.37385,31.033,-0.91,409.08605,31.2485,-0.6,390.47715,30.9425,-0.59,13.581349999999986,-0.2754999999999974,51,50
19,13.3,409.08605,31.2485,-0.6,390.47715,30.9425,-0.59,412.2109,31.189,-0.39,393.5714,30.88300000000001,-0.49,13.608900000000006,-0.30600000000000094,51,50
19,13.4,412.2109,31.189,-0.39,393.5714,30.88300000000001,-0.49,415.3298,31.15,-0.28,396.6597,30.8345,-0.38,13.639499999999998,-0.3059999999999903,51,50
19,13.5,415.3298,31.15,-0.28,396.6597,30.8345,-0.38,418.4448,31.122,-0.18,399.74315,30.7965,-0.28,13.67009999999999,-0.3155000000000001,51,50
19,13.6,418.4448,31.122,-0.18,399.74315,30.7965,-0.28,421.55699999999996,31.104,-0.18,402.8228,30.769000000000002,-0.07,13.701649999999972,-0.3254999999999981,51,50
19,13.7,421.55699999999996,31.104,-0.18,402.8228,30.769000000000002,-0.07,424.6674,31.086,-0.08,405.8997,30.761999999999997,-0.07,13.734199999999987,-0.3349999999999973,51,50
19,13.8,424.6674,31.086,-0.08,405.8997,30.761999999999997,-0.07,427.776,31.07800000000001,-0.18,408.9759,30.755,0.03,13.76769999999999,-0.3240000000000016,51,50
19,13.9,427.776,31.07800000000001,-0.18,408.9759,30.755,0.03,430.8838,31.06,-0.08,412.0514,30.75800000000001,-0.07,13.800099999999986,-0.32300000000001106,51,50
19,14.0,430.8838,31.06,-0.08,412.0514,30.75800000000001,-0.07,433.9898,31.052,-0.09,415.1272,30.7505,0.02,13.832400000000007,-0.30199999999998894,51,50
19,14.1,433.9898,31.052,-0.09,415.1272,30.7505,0.02,437.095,31.0435,-0.09,418.20225,30.753,0.02,13.862599999999986,-0.30150000000000077,51,50
19,14.2,437.095,31.0435,-0.09,418.20225,30.753,0.02,440.19935,31.0345,-0.19,421.27755,30.755,0.01,13.892750000000035,-0.29050000000000153,51,50
19,14.3,440.19935,31.0345,-0.19,421.27755,30.755,0.01,443.3028,31.0155,-0.19,424.35305,30.7565,-0.09,13.921799999999962,-0.2795000000000023,51,50
19,14.4,443.3028,31.0155,-0.19,424.35305,30.7565,-0.09,446.40435,30.996,-0.3,427.4287,30.7475,-0.2,13.949749999999995,-0.25900000000000034,51,50
19,14.5,446.40435,30.996,-0.3,427.4287,30.7475,-0.2,449.50395,30.965999999999998,-0.4,430.50345,30.728,-0.3,13.97565000000003,-0.24849999999999994,51,50
19,14.6,449.50395,30.965999999999998,-0.4,430.50345,30.728,-0.3,452.60055,30.9255,-0.41,433.57625,30.698,-0.31,14.000499999999988,-0.237999999999996,51,50
19,14.7,452.60055,30.9255,-0.41,433.57625,30.698,-0.31,455.6931,30.8845,-0.51,436.64605,30.6675,-0.41,14.024299999999982,-0.22749999999999915,51,50
19,14.8,455.6931,30.8845,-0.51,436.64605,30.6675,-0.41,458.78155,30.8335,-0.51,439.7128,30.6265,-0.41,14.047050000000013,-0.21699999999999875,51,50
19,14.9,458.78155,30.8335,-0.51,439.7128,30.6265,-0.41,461.8649,30.7825,-0.51,442.77545,30.5855,-0.41,14.068749999999966,-0.20700000000000074,51,50
19,15.0,461.8649,30.7825,-0.51,442.77545,30.5855,-0.41,464.94315,30.7315,-0.51,445.834,30.5445,-0.51,14.08945,-0.19699999999999918,51,50
19,15.1,464.94315,30.7315,-0.51,445.834,30.5445,-0.51,468.0163,30.6805,-0.61,448.88845,30.4935,-0.41,14.10915,-0.18700000000000117,51,50
19,15.2,468.0163,30.6805,-0.61,448.88845,30.4935,-0.41,471.08435,30.6195,-0.5,451.9378,30.45300000000001,-0.4,14.127850000000024,-0.1869999999999976,51,50
19,15.3,471.08435,30.6195,-0.5,451.9378,30.45300000000001,-0.4,474.1463,30.56900000000001,-0.41,454.9831,30.413,-0.3,14.14654999999999,-0.16649999999998855,51,50
19,15.4,474.1463,30.56900000000001,-0.41,454.9831,30.413,-0.3,477.2032,30.5285,-0.5,458.0244,30.38300000000001,-0.29,14.163200000000018,-0.15600000000000946,51,50
19,15.5,477.2032,30.5285,-0.5,458.0244,30.38300000000001,-0.29,480.25605,30.4785,-0.29,461.0627,30.3535,-0.09,14.178799999999967,-0.1454999999999913,51,50
19,15.6,480.25605,30.4785,-0.29,461.0627,30.3535,-0.09,483.3039,30.449,-0.29,464.09805,30.3445,0.02,14.19335000000001,-0.125,51,50
19,15.7,483.3039,30.449,-0.29,464.09805,30.3445,0.02,486.3488,30.42,-0.18,467.1325,30.3465,0.12,14.205849999999998,-0.10450000000000159,51,50
19,15.8,486.3488,30.42,-0.18,467.1325,30.3465,0.12,489.3908,30.4015,-0.09,470.16715,30.3585,0.23,14.21629999999999,-0.07350000000000279,51,50
19,15.9,489.3908,30.4015,-0.09,470.16715,30.3585,0.23,492.43095,30.393,0.02,473.20300000000003,30.3815,0.34,14.22365000000002,-0.04299999999999926,51,50
19,16.0,492.43095,30.393,0.02,473.20300000000003,30.3815,0.34,495.47025,30.395,0.12,476.24115,30.415,0.53,14.227949999999964,-0.01150000000000162,51,50
19,16.1,495.47025,30.395,0.12,476.24115,30.415,0.53,498.50975,30.4075,0.12,479.28265,30.4685,0.54,14.229100000000017,0.019999999999999574,51,50
19,16.2,498.50975,30.4075,0.12,479.28265,30.4685,0.54,501.5505,30.4195,0.22,482.3295,30.522,0.63,14.227100000000007,0.06099999999999994,51,50
19,16.3,501.5505,30.4195,0.22,482.3295,30.522,0.63,504.59245,30.441999999999997,0.12,485.3817,30.585,0.63,14.221000000000004,0.10249999999999915,51,50
19,16.4,504.59245,30.441999999999997,0.12,485.3817,30.585,0.63,507.63665,30.454,0.22,488.4402,30.648000000000003,0.63,14.210749999999962,0.14300000000000423,51,50
19,16.5,507.63665,30.454,0.22,488.4402,30.648000000000003,0.63,510.68205,30.4755,0.11,491.505,30.711,0.52,14.19644999999997,0.19400000000000261,51,50
19,16.6,510.68205,30.4755,0.11,491.505,30.711,0.52,513.7296,30.487,0.11,494.5761,30.763,0.52,14.177050000000008,0.23549999999999827,51,50
19,16.7,513.7296,30.487,0.11,494.5761,30.763,0.52,516.7783,30.498,0.0,497.6524,30.8145,0.4,14.153500000000008,0.27600000000000335,51,50
19,16.8,516.7783,30.498,0.0,497.6524,30.8145,0.4,519.8281,30.4985,0.11,500.73385,30.855,0.4,14.125899999999945,0.3164999999999978,51,50
19,16.9,519.8281,30.4985,0.11,500.73385,30.855,0.4,522.87795,30.509,0.0,503.81935,30.8955,0.41,14.094249999999931,0.3565000000000005,51,50
19,17.0,522.87795,30.509,0.0,503.81935,30.8955,0.41,525.92885,30.509,0.0,506.9089,30.936,0.19,14.05860000000007,0.38649999999999807,51,50
19,17.1,525.92885,30.509,0.0,506.9089,30.936,0.19,528.97975,30.509,-0.1,510.0025,30.9555,0.3,14.019949999999994,0.4269999999999996,51,50
19,17.2,528.97975,30.509,-0.1,510.0025,30.9555,0.3,532.03065,30.499000000000002,0.0,513.09805,30.9855,0.19,13.97724999999997,0.44650000000000034,51,50
19,17.3,532.03065,30.499000000000002,0.0,513.09805,30.9855,0.19,535.08055,30.499000000000002,0.0,516.1966,31.005,0.2,13.932600000000093,0.48649999999999594,51,50
19,17.4,535.08055,30.499000000000002,0.0,516.1966,31.005,0.2,538.13045,30.499000000000002,0.0,519.2971,31.0245,0.19,13.883950000000027,0.5059999999999967,51,50
19,17.5,538.13045,30.499000000000002,0.0,519.2971,31.0245,0.19,541.18035,30.499000000000002,-0.1,522.39955,31.0435,0.19,13.833349999999996,0.5254999999999974,51,50
19,17.6,541.18035,30.499000000000002,-0.1,522.39955,31.0435,0.19,544.23025,30.489,0.0,525.5039,31.063000000000002,0.2,13.7808,0.5444999999999993,51,50
19,17.7,544.23025,30.489,0.0,525.5039,31.063000000000002,0.2,547.27915,30.489,0.1,528.6102,31.0825,0.19,13.726349999999911,0.5740000000000016,51,50
19,17.8,547.27915,30.489,0.1,528.6102,31.0825,0.19,550.32805,30.4995,0.0,531.71845,31.101999999999997,0.2,13.668949999999995,0.5934999999999988,51,50
19,17.9,550.32805,30.4995,0.0,531.71845,31.101999999999997,0.2,553.378,30.4995,0.11,534.82865,31.122,0.2,13.6096,0.6024999999999956,51,50
19,18.0,553.378,30.4995,0.11,534.82865,31.122,0.2,556.42795,30.51,0.11,537.94085,31.142,0.2,13.549350000000004,0.6224999999999987,51,50
19,18.1,556.42795,30.51,0.11,537.94085,31.142,0.2,559.47895,30.521,0.11,541.05505,31.162,0.3,13.487100000000055,0.6319999999999979,51,50
19,18.2,559.47895,30.521,0.11,541.05505,31.162,0.3,562.53105,30.5315,0.21,544.17125,31.191999999999997,0.3,13.423900000000003,0.6409999999999982,51,50
19,18.3,562.53105,30.5315,0.21,544.17125,31.191999999999997,0.3,565.5842,30.5525,0.11,547.29045,31.2225,0.3,13.359800000000064,0.6604999999999954,51,50
19,18.4,565.5842,30.5525,0.11,547.29045,31.2225,0.3,568.63945,30.563000000000002,0.21,550.4127,31.2525,0.2,13.293750000000045,0.6700000000000017,51,50
19,18.5,568.63945,30.563000000000002,0.21,550.4127,31.2525,0.2,571.69575,30.5835,0.1,553.53795,31.2725,0.3,13.226750000000038,0.6894999999999989,51,50
19,18.6,571.69575,30.5835,0.1,553.53795,31.2725,0.3,574.7541,30.594,0.1,556.6652,31.3025,0.2,13.157799999999952,0.6890000000000001,51,50
19,18.7,574.7541,30.594,0.1,556.6652,31.3025,0.2,577.8135,30.604,-0.01,559.79545,31.322,0.09,13.088899999999967,0.7084999999999972,51,50
19,18.8,577.8135,30.604,-0.01,559.79545,31.322,0.09,580.8739,30.6035,0.0,562.92765,31.3315,0.09,13.018050000000017,0.718,51,50
19,18.9,580.8739,30.6035,0.0,562.92765,31.3315,0.09,583.93425,30.603,0.0,566.0608,31.3405,-0.11,12.946250000000077,0.727999999999998,51,50
19,19.0,583.93425,30.603,0.0,566.0608,31.3405,-0.11,586.99455,30.6025,-0.11,569.19485,31.329,-0.12,12.873450000000048,0.7374999999999972,51,50
19,19.1,586.99455,30.6025,-0.11,569.19485,31.329,-0.12,590.0548,30.5915,-0.21,572.32775,31.3175,-0.12,12.79970000000003,0.7265000000000015,51,50
19,19.2,590.0548,30.5915,-0.21,572.32775,31.3175,-0.12,593.11395,30.5705,-0.22,575.4595,31.3055,-0.22,12.727049999999963,0.7259999999999991,51,50
19,19.3,593.11395,30.5705,-0.22,575.4595,31.3055,-0.22,596.1709999999998,30.549,-0.11,578.59005,31.2835,-0.32,12.654449999999997,0.7349999999999994,51,50
19,19.4,596.1709999999998,30.549,-0.11,578.59005,31.2835,-0.32,599.2259,30.5385,-0.21,581.7184,31.2515,-0.21,12.580949999999802,0.7345000000000006,51,50
19,19.5,599.2259,30.5385,-0.21,581.7184,31.2515,-0.21,602.27975,30.5175,-0.1,584.84355,31.23,-0.21,12.50750000000005,0.713000000000001,51,50
19,19.6,602.27975,30.5175,-0.1,584.84355,31.23,-0.21,605.3315,30.5075,0.0,587.96655,31.209,-0.11,12.436199999999985,0.7125000000000021,51,50
19,19.7,605.3315,30.5075,0.0,587.96655,31.209,-0.11,608.38225,30.5075,0.0,591.08745,31.198,-0.1,12.364950000000022,0.7014999999999993,51,50
19,19.8,608.38225,30.5075,0.0,591.08745,31.198,-0.1,611.433,30.50800000000001,0.11,594.20725,31.188000000000002,0.0,12.29480000000001,0.6905000000000001,51,50
19,19.9,611.433,30.50800000000001,0.11,594.20725,31.188000000000002,0.0,614.4838,30.5185,0.11,597.32605,31.188000000000002,0.0,12.225749999999948,0.6799999999999926,51,50
19,20.0,614.4838,30.5185,0.11,597.32605,31.188000000000002,0.0,617.53565,30.5295,0.32,600.44485,31.188000000000002,0.01,12.157749999999965,0.6695000000000029,51,50
19,20.1,617.53565,30.5295,0.32,600.44485,31.188000000000002,0.01,620.5886,30.561,0.22,603.56365,31.189,0.21,12.090800000000058,0.6585000000000036,51,50
19,20.2,620.5886,30.561,0.22,603.56365,31.189,0.21,623.6447,30.5825,0.32,606.68255,31.2095,0.21,12.02494999999999,0.6280000000000001,51,50
19,20.3,623.6447,30.5825,0.32,606.68255,31.2095,0.21,626.70295,30.614,0.42,609.8035,31.230999999999998,0.22,11.962149999999951,0.6269999999999989,51,50
19,20.4,626.70295,30.614,0.42,609.8035,31.230999999999998,0.22,629.76435,30.656,0.42,612.9266,31.2525,0.32,11.899450000000002,0.6169999999999973,51,50
19,20.5,629.76435,30.656,0.42,612.9266,31.2525,0.32,632.82995,30.698,0.52,616.05185,31.284000000000002,0.32,11.837750000000028,0.5965000000000025,51,50
19,20.6,632.82995,30.698,0.52,616.05185,31.284000000000002,0.32,635.89975,30.75,0.52,619.18025,31.3155,0.42,11.778100000000109,0.5860000000000021,51,50
19,20.7,635.89975,30.75,0.52,619.18025,31.3155,0.42,638.97475,30.8015,0.51,622.3118,31.357,0.31,11.719500000000039,0.5655000000000001,51,50
19,20.8,638.97475,30.8015,0.51,622.3118,31.357,0.31,642.0549,30.853,0.42,625.4475,31.3885,0.41,11.662950000000023,0.5554999999999986,51,50
19,20.9,642.0549,30.853,0.42,625.4475,31.3885,0.41,645.1402,30.8945,0.51,628.58635,31.4295,0.3,11.607399999999984,0.535499999999999,51,50
19,21.0,645.1402,30.8945,0.51,628.58635,31.4295,0.3,648.22965,30.9455,0.4,631.7293,31.46,0.2,11.553850000000011,0.5350000000000001,51,50
19,21.1,648.22965,30.9455,0.4,631.7293,31.46,0.2,651.3242,30.986,0.41,634.8753,31.4805,0.3,11.500350000000026,0.5145000000000017,51,50
19,21.2,651.3242,30.986,0.41,634.8753,31.4805,0.3,654.4228,31.0265,0.3,638.02335,31.5105,0.2,11.44889999999998,0.4944999999999986,51,50
19,21.3,654.4228,31.0265,0.3,638.02335,31.5105,0.2,657.52545,31.0565,0.3,641.1744,31.5305,0.1,11.399450000000002,0.48400000000000176,51,50
19,21.4,657.52545,31.0565,0.3,641.1744,31.5305,0.1,660.6311,31.0865,0.3,644.32745,31.5405,0.2,11.351049999999987,0.4740000000000002,51,50
19,21.5,660.6311,31.0865,0.3,644.32745,31.5405,0.2,663.73975,31.116,0.3,647.4815,31.56,0.09,11.303649999999948,0.4540000000000006,51,50
19,21.6,663.73975,31.116,0.3,647.4815,31.56,0.09,666.85135,31.146,0.2,650.6375,31.5695,0.1,11.258249999999975,0.44399999999999906,51,50
19,21.7,666.85135,31.146,0.2,650.6375,31.5695,0.1,669.96595,31.1655,0.29,653.79445,31.579,0.09,11.21384999999998,0.42350000000000065,51,50
19,21.8,669.96595,31.1655,0.29,653.79445,31.579,0.09,673.0825,31.195,0.19,656.95235,31.5885,0.09,11.171500000000037,0.4134999999999991,51,50
19,21.9,673.0825,31.195,0.19,656.95235,31.5885,0.09,676.202,31.2145,0.3,660.1112,31.59800000000001,0.2,11.130149999999958,0.3934999999999995,51,50
19,22.0,676.202,31.2145,0.3,660.1112,31.59800000000001,0.2,679.32345,31.2445,0.3,663.2710000000002,31.618000000000002,0.1,11.090799999999945,0.3835000000000086,51,50
19,22.1,679.32345,31.2445,0.3,663.2710000000002,31.618000000000002,0.1,682.4479,31.2745,0.31,666.4328,31.628,0.31,11.052449999999794,0.3735000000000035,51,50
19,22.2,682.4479,31.2745,0.31,666.4328,31.628,0.31,685.57535,31.305,0.4,669.5956,31.6585,0.31,11.015099999999961,0.35350000000000037,51,50
19,22.3,685.57535,31.305,0.4,669.5956,31.6585,0.31,688.70585,31.3455,0.51,672.76145,31.6895,0.41,10.979749999999967,0.35350000000000037,51,50
19,22.4,688.70585,31.3455,0.51,672.76145,31.6895,0.41,691.8404,31.3965,0.62,675.9304,31.7305,0.41,10.944400000000087,0.34399999999999764,51,50
19,22.5,691.8404,31.3965,0.62,675.9304,31.7305,0.41,694.98005,31.458000000000002,0.62,679.10345,31.772,0.62,10.910000000000082,0.33399999999999963,51,50
19,22.6,694.98005,31.458000000000002,0.62,679.10345,31.772,0.62,698.12585,31.52,0.82,682.28065,31.834,0.63,10.876600000000053,0.3139999999999965,51,50
19,22.7,698.12585,31.52,0.82,682.28065,31.834,0.63,701.27785,31.601999999999997,0.72,685.46405,31.8965,0.71,10.845199999999977,0.31400000000000006,51,50
19,22.8,701.27785,31.601999999999997,0.72,685.46405,31.8965,0.71,704.43805,31.674,0.71,688.6537,31.968000000000004,0.62,10.813799999999901,0.29450000000000287,51,50
19,22.9,704.43805,31.674,0.71,688.6537,31.968000000000004,0.62,707.60545,31.745,0.61,691.8505,32.03,0.5,10.784350000000018,0.29400000000000404,51,50
19,23.0,707.60545,31.745,0.61,691.8505,32.03,0.5,710.77995,31.805999999999997,0.6,695.0535,32.0805,0.5,10.754950000000008,0.28500000000000014,51,50
19,23.1,710.77995,31.805999999999997,0.6,695.0535,32.0805,0.5,713.96055,31.866,0.4,698.26155,32.131,0.3,10.72645,0.2745000000000033,51,50
19,23.2,713.96055,31.866,0.4,698.26155,32.131,0.3,717.14715,31.9055,0.29,701.47465,32.1605,0.18,10.698999999999955,0.26500000000000057,51,50
19,23.3,717.14715,31.9055,0.29,701.47465,32.1605,0.18,720.3377,31.9345,0.18,704.6907,32.179,0.09,10.672500000000014,0.254999999999999,51,50
19,23.4,720.3377,31.9345,0.18,704.6907,32.179,0.09,723.53115,31.9525,0.08,707.9086,32.1875,-0.13,10.647000000000048,0.24450000000000216,51,50
19,23.5,723.53115,31.9525,0.08,707.9086,32.1875,-0.13,726.7264,31.96,-0.13,711.12735,32.175,-0.24,10.622550000000047,0.23499999999999943,51,50
19,23.6,726.7264,31.96,-0.13,711.12735,32.175,-0.24,729.9224,31.9475,-0.24,714.34485,32.1515,-0.33,10.599050000000034,0.2149999999999963,51,50
19,23.7,729.9224,31.9475,-0.24,714.34485,32.1515,-0.33,733.11715,31.924,-0.34,717.56,32.118,-0.54,10.577550000000087,0.20399999999999707,51,50
19,23.8,733.11715,31.924,-0.34,717.56,32.118,-0.54,736.30955,31.89,-0.55,720.7718,32.064,-0.75,10.557150000000092,0.19400000000000261,51,50
19,23.9,736.30955,31.89,-0.55,720.7718,32.064,-0.75,739.49855,31.8355,-0.74,723.9782,31.9895,-0.75,10.53774999999996,0.1739999999999995,51,50
19,24.0,739.49855,31.8355,-0.74,723.9782,31.9895,-0.75,742.6821,31.761,-0.74,727.17715,31.9145,-0.95,10.520350000000008,0.15399999999999991,51,50
19,24.1,742.6821,31.761,-0.74,727.17715,31.9145,-0.95,745.8582,31.6865,-0.74,730.3686,31.82,-0.94,10.504950000000008,0.15350000000000108,51,50
19,24.2,745.8582,31.6865,-0.74,730.3686,31.82,-0.94,749.02685,31.612,-0.84,733.5506,31.7255,-0.94,10.489599999999996,0.1335000000000015,51,50
19,24.3,749.02685,31.612,-0.84,733.5506,31.7255,-0.94,752.18805,31.5285,-0.73,736.72315,31.631999999999998,-0.83,10.476249999999936,0.11350000000000193,51,50
19,24.4,752.18805,31.5285,-0.73,736.72315,31.631999999999998,-0.83,755.3409,31.455,-0.72,739.88635,31.549,-0.82,10.464899999999943,0.10349999999999682,51,50
19,24.5,755.3409,31.455,-0.72,739.88635,31.549,-0.82,758.4864,31.38300000000001,-0.62,743.04125,31.467,-0.61,10.45455000000004,0.0940000000000012,51,50
19,24.6,758.4864,31.38300000000001,-0.62,743.04125,31.467,-0.61,761.6247,31.320999999999998,-0.61,746.18795,31.4055,-0.6,10.445150000000012,0.08399999999998897,51,50
19,24.7,761.6247,31.320999999999998,-0.61,746.18795,31.4055,-0.6,764.7568,31.2595,-0.61,749.3285,31.345,-0.5,10.436749999999961,0.08450000000000202,51,50
19,24.8,764.7568,31.2595,-0.61,749.3285,31.345,-0.5,767.88275,31.199,-0.5,752.4630000000003,31.295,-0.49,10.428300000000036,0.08549999999999969,51,50
19,24.9,767.88275,31.199,-0.5,752.4630000000003,31.295,-0.49,771.00265,31.1485,-0.4,755.5925,31.2455,-0.3,10.41974999999968,0.09600000000000009,51,50
19,25.0,771.00265,31.1485,-0.4,755.5925,31.2455,-0.3,774.1175,31.1085,-0.4,758.71705,31.215999999999998,-0.39,10.410150000000044,0.09700000000000131,51,50
19,25.1,774.1175,31.1085,-0.4,758.71705,31.215999999999998,-0.39,777.22835,31.0685,-0.4,761.83865,31.177,-0.29,10.400449999999978,0.10749999999999815,51,50
19,25.2,777.22835,31.0685,-0.4,761.83865,31.177,-0.29,780.3352,31.0285,-0.4,764.95635,31.1475,-0.39,10.389699999999948,0.10849999999999937,51,50
19,25.3,780.3352,31.0285,-0.4,764.95635,31.1475,-0.39,783.43805,30.9885,-0.5,768.0711,31.1085,-0.29,10.378849999999943,0.11899999999999977,51,50
19,25.4,783.43805,30.9885,-0.5,768.0711,31.1085,-0.29,786.5369,30.9385,-0.4,771.18195,31.079,-0.39,10.366949999999974,0.120000000000001,51,50
19,25.5,786.5369,30.9385,-0.4,771.18195,31.079,-0.39,789.63075,30.8985,-0.5,774.28985,31.0395,-0.3,10.354949999999917,0.1404999999999994,51,50
19,25.6,789.63075,30.8985,-0.5,774.28985,31.0395,-0.3,792.7206,30.8485,-0.51,777.3938,31.0095,-0.5,10.340900000000033,0.1410000000000018,51,50
19,25.7,792.7206,30.8485,-0.51,777.3938,31.0095,-0.5,795.80545,30.7975,-0.6,780.49475,30.9595,-0.41,10.326799999999935,0.1609999999999978,51,50
19,25.8,795.80545,30.7975,-0.6,780.49475,30.9595,-0.41,798.8852,30.737,-0.61,783.5907,30.919,-0.5,10.310699999999997,0.16199999999999903,51,50
19,25.9,798.8852,30.737,-0.61,783.5907,30.919,-0.5,801.9589,30.676,-0.61,786.6826,30.869,-0.5,10.294500000000085,0.18200000000000216,51,50
19,26.0,801.9589,30.676,-0.61,786.6826,30.869,-0.5,805.0265,30.615,-0.71,789.7695,30.8185,-0.51,10.276299999999992,0.1930000000000014,51,50
19,26.1,805.0265,30.615,-0.71,789.7695,30.8185,-0.51,808.0880000000003,30.544,-0.71,792.85135,30.7675,-0.6,10.257000000000062,0.2035000000000018,51,50
19,26.2,808.0880000000003,30.544,-0.71,792.85135,30.7675,-0.6,811.1424,30.47300000000001,-0.71,795.9281,30.706999999999997,-0.5,10.236650000000282,0.2234999999999978,51,50
19,26.3,811.1424,30.47300000000001,-0.71,795.9281,30.706999999999997,-0.5,814.1897,30.401999999999997,-0.71,798.9988,30.656999999999996,-0.5,10.21429999999998,0.23399999999998755,51,50
19,26.4,814.1897,30.401999999999997,-0.71,798.9988,30.656999999999996,-0.5,817.2299,30.331,-0.7,802.0645,30.6065,-0.39,10.190900000000056,0.254999999999999,51,50
19,26.5,817.2299,30.331,-0.7,802.0645,30.6065,-0.39,820.263,30.2605,-0.6,805.12515,30.566999999999997,-0.4,10.16540000000009,0.27550000000000097,51,50
19,26.6,820.263,30.2605,-0.6,805.12515,30.566999999999997,-0.4,823.28905,30.2005,-0.5,808.18185,30.5275,-0.19,10.137850000000071,0.3064999999999962,51,50
19,26.7,823.28905,30.2005,-0.5,808.18185,30.5275,-0.19,826.3091,30.1505,-0.49,811.2346,30.5085,-0.18,10.10719999999992,0.3269999999999982,51,50
19,26.8,826.3091,30.1505,-0.49,811.2346,30.5085,-0.18,829.32415,30.1015,-0.39,814.28545,30.49,-0.08,10.074499999999944,0.35800000000000054,51,50
19,26.9,829.32415,30.1015,-0.39,814.28545,30.49,-0.08,832.3343,30.0625,-0.28,817.33445,30.482,0.02,10.038700000000063,0.38849999999999696,51,50
19,27.0,832.3343,30.0625,-0.28,817.33445,30.482,0.02,835.34055,30.034000000000002,-0.29,820.38265,30.484,0.02,9.999850000000038,0.4194999999999993,51,50
19,27.1,835.34055,30.034000000000002,-0.29,820.38265,30.484,0.02,838.34395,30.0055,-0.08,823.43105,30.4865,0.23,9.957899999999995,0.4499999999999993,51,50
19,27.2,838.34395,30.0055,-0.08,823.43105,30.4865,0.23,841.3445,29.9975,-0.18,826.4797,30.5095,0.33,9.912899999999922,0.4809999999999981,51,50
19,27.3,841.3445,29.9975,-0.18,826.4797,30.5095,0.33,844.34425,29.9795,0.03,829.53065,30.5425,0.33,9.86480000000006,0.5120000000000005,51,50
19,27.4,844.34425,29.9795,0.03,829.53065,30.5425,0.33,847.3422,29.982,0.03,832.5849,30.5755,0.43,9.813599999999951,0.5629999999999988,51,50
19,27.5,847.3422,29.982,0.03,832.5849,30.5755,0.43,850.3404,29.9845,0.12,835.64245,30.6185,0.53,9.7573000000001,0.5935000000000024,51,50
19,27.6,850.3404,29.9845,0.12,835.64245,30.6185,0.53,853.33885,29.9965,0.13,838.7043,30.6715,0.43,9.697949999999992,0.6340000000000003,51,50
19,27.7,853.33885,29.9965,0.13,838.7043,30.6715,0.43,856.3385,30.009,0.12,841.77145,30.714000000000002,0.52,9.63454999999999,0.6750000000000007,51,50
19,27.8,856.3385,30.009,0.12,841.77145,30.714000000000002,0.52,859.3394,30.021,0.12,844.84285,30.7665,0.42,9.567049999999995,0.7050000000000018,51,50
19,27.9,859.3394,30.021,0.12,844.84285,30.7665,0.42,862.3415,30.0325,0.01,847.9195,30.8085,0.41,9.496549999999957,0.7454999999999998,51,50
19,28.0,862.3415,30.0325,0.01,847.9195,30.8085,0.41,865.34475,30.0335,0.01,851.00035,30.8495,0.31,9.422000000000025,0.7759999999999998,51,50
19,28.1,865.34475,30.0335,0.01,851.00035,30.8495,0.31,868.3481,30.0345,0.11,854.0853,30.8805,0.3,9.34439999999995,0.815999999999999,51,50
19,28.2,868.3481,30.0345,0.11,854.0853,30.8805,0.3,871.35155,30.0455,0.0,857.17335,30.910999999999998,0.3,9.262800000000084,0.8460000000000001,51,50
19,28.3,871.35155,30.0455,0.0,857.17335,30.910999999999998,0.3,874.3561,30.046,-0.09,860.26445,30.941,0.2,9.178199999999947,0.8654999999999973,51,50
19,28.4,874.3561,30.046,-0.09,860.26445,30.941,0.2,877.3607,30.0365,0.0,863.35855,30.961,0.2,9.091649999999959,0.8949999999999996,51,50
19,28.5,877.3607,30.0365,0.0,863.35855,30.961,0.2,880.36435,30.0365,0.0,866.45465,30.980999999999998,0.2,9.002149999999915,0.9244999999999983,51,50
19,28.6,880.36435,30.0365,0.0,866.45465,30.980999999999998,0.2,883.368,30.037,0.01,869.55275,31.000999999999998,0.2,8.90969999999993,0.9444999999999979,51,50
19,28.7,883.368,30.037,0.01,869.55275,31.000999999999998,0.2,886.3717,30.0375,0.11,872.65285,31.021,0.3,8.815250000000106,0.9639999999999986,51,50
19,28.8,886.3717,30.0375,0.11,872.65285,31.021,0.3,889.37545,30.0485,0.21,875.75495,31.0515,0.31,8.718850000000089,0.9834999999999994,51,50
19,28.9,889.37545,30.0485,0.21,875.75495,31.0515,0.31,892.3803,30.0695,0.22,878.8601,31.081999999999997,0.41,8.620499999999993,1.0030000000000001,51,50
19,29.0,892.3803,30.0695,0.22,878.8601,31.081999999999997,0.41,895.38725,30.090999999999998,0.32,881.9683,31.123,0.52,8.520200000000045,1.0124999999999957,51,50
19,29.1,895.38725,30.090999999999998,0.32,881.9683,31.123,0.52,898.39635,30.1225,0.32,885.0806,31.1745,0.51,8.418949999999995,1.0320000000000036,51,50
19,29.2,898.39635,30.1225,0.32,885.0806,31.1745,0.51,901.4086,30.1545,0.42,888.19805,31.2255,0.51,8.31574999999998,1.0519999999999996,51,50
19,29.3,901.4086,30.1545,0.42,888.19805,31.2255,0.51,904.42405,30.1965,0.41,891.3206,31.2765,0.51,8.210550000000012,1.0710000000000015,51,50
19,29.4,904.42405,30.1965,0.41,891.3206,31.2765,0.51,907.4437,30.238000000000003,0.42,894.44825,31.3275,0.41,8.103449999999953,1.0799999999999983,51,50
19,29.5,907.4437,30.238000000000003,0.42,894.44825,31.3275,0.41,910.4675,30.2795,0.41,897.581,31.3685,0.5,7.995450000000005,1.0894999999999975,51,50
19,29.6,910.4675,30.2795,0.41,897.581,31.3685,0.5,913.49545,30.320999999999998,0.41,900.71785,31.4185,0.31,7.886499999999955,1.0890000000000022,51,50
19,29.7,913.49545,30.320999999999998,0.41,900.71785,31.4185,0.31,916.52755,30.362,0.41,903.8597,31.449,0.39,7.777600000000007,1.0975000000000037,51,50
19,29.8,916.52755,30.362,0.41,903.8597,31.449,0.39,919.56375,30.403000000000002,0.41,907.0046,31.4885,0.3,7.667850000000044,1.0870000000000033,51,50
19,29.9,919.56375,30.403000000000002,0.41,907.0046,31.4885,0.3,922.60405,30.4435,0.31,910.15345,31.518,0.2,7.559150000000045,1.0854999999999961,51,50
19,30.0,922.60405,30.4435,0.31,910.15345,31.518,0.2,925.6484,30.474,0.3,913.30525,31.5375,0.18,7.4506000000000085,1.0745000000000005,51,50
19,30.1,925.6484,30.474,0.3,913.30525,31.5375,0.18,928.6958,30.504,0.3,916.459,31.555999999999997,0.09,7.343150000000037,1.0635000000000012,51,50
19,30.2,928.6958,30.504,0.3,916.459,31.555999999999997,0.09,931.7462,30.534000000000002,0.2,919.6146,31.565,0.08,7.2368000000000166,1.051999999999996,51,50
19,30.3,931.7462,30.534000000000002,0.2,919.6146,31.565,0.08,934.7996,30.554000000000002,0.29,922.7711,31.5735,-0.02,7.131600000000049,1.0309999999999988,51,50
19,30.4,934.7996,30.554000000000002,0.29,922.7711,31.5735,-0.02,937.855,30.5835,0.2,925.92845,31.572,-0.12,7.028500000000008,1.0194999999999972,51,50
19,30.5,937.855,30.5835,0.2,925.92845,31.572,-0.12,940.91335,30.6035,0.19,929.08565,31.56,-0.12,6.92655000000002,0.9884999999999984,51,50
19,30.6,940.91335,30.6035,0.19,929.08565,31.56,-0.12,943.9737,30.623,0.19,932.24165,31.5485,-0.12,6.82770000000005,0.9564999999999984,51,50
19,30.7,943.9737,30.623,0.19,932.24165,31.5485,-0.12,947.0360000000001,30.6425,0.2,935.3965,31.5365,-0.12,6.732049999999958,0.9254999999999995,51,50
19,30.8,947.0360000000001,30.6425,0.2,935.3965,31.5365,-0.12,950.10025,30.6625,0.19,938.55015,31.5245,-0.22,6.639500000000112,0.8940000000000019,51,50
19,30.9,950.10025,30.6625,0.19,938.55015,31.5245,-0.22,953.1665,30.682,0.1,941.7026,31.503,-0.32,6.550099999999929,0.8619999999999983,51,50
19,31.0,953.1665,30.682,0.1,941.7026,31.503,-0.32,956.2347,30.6915,0.19,944.8529,31.471,-0.32,6.463900000000081,0.8210000000000015,51,50
19,31.1,956.2347,30.6915,0.19,944.8529,31.471,-0.32,959.30385,30.711,0.1,948.0,31.439,-0.32,6.381799999999998,0.7794999999999987,51,50
19,31.2,959.30385,30.711,0.1,948.0,31.439,-0.32,962.37495,30.7205,0.19,951.1439,31.4075,-0.32,6.303850000000011,0.7280000000000015,51,50
19,31.3,962.37495,30.7205,0.19,951.1439,31.4075,-0.32,965.447,30.74,0.09,954.28465,31.3755,-0.31,6.231049999999982,0.6869999999999976,51,50
19,31.4,965.447,30.74,0.09,954.28465,31.3755,-0.31,968.5210000000001,30.7495,0.1,957.4222,31.344,-0.41,6.162349999999947,0.6355000000000004,51,50
19,31.5,968.5210000000001,30.7495,0.1,957.4222,31.344,-0.41,971.59595,30.759,0.2,960.5566,31.3025,-0.41,6.098800000000097,0.5945,51,50
19,31.6,971.59595,30.759,0.2,960.5566,31.3025,-0.41,974.67185,30.779,0.1,963.68685,31.261,-0.41,6.039350000000013,0.5434999999999981,51,50
19,31.7,974.67185,30.779,0.1,963.68685,31.261,-0.41,977.74975,30.7885,0.09,966.81295,31.2195,-0.52,5.9849999999999,0.4819999999999993,51,50
19,31.8,977.74975,30.7885,0.09,966.81295,31.2195,-0.52,980.8286,30.798000000000002,0.09,969.9349,31.16800000000001,-0.42,5.936799999999948,0.43100000000000094,51,50
19,31.9,980.8286,30.798000000000002,0.09,969.9349,31.16800000000001,-0.42,983.9084,30.8075,0.0,973.0517,31.1265,-0.61,5.893700000000081,0.3700000000000081,51,50
19,32.0,983.9084,30.8075,0.0,973.0517,31.1265,-0.61,986.98915,30.807,0.1,976.16435,31.065,-0.51,5.856700000000046,0.31899999999999906,51,50
19,32.1,986.98915,30.807,0.1,976.16435,31.065,-0.51,990.06985,30.8165,-0.01,979.27085,31.0135,-0.62,5.824799999999982,0.25800000000000267,51,50
19,32.2,990.06985,30.8165,-0.01,979.27085,31.0135,-0.62,993.1515,30.816,-0.01,982.3722,30.951999999999998,-0.72,5.798999999999978,0.19699999999999918,51,50
19,32.3,993.1515,30.816,-0.01,982.3722,30.951999999999998,-0.72,996.2331,30.815,-0.11,985.4674,30.88,-0.72,5.779300000000035,0.13599999999999923,51,50
19,32.4,996.2331,30.815,-0.11,985.4674,30.88,-0.72,999.3146,30.804000000000002,-0.11,988.5554,30.808000000000003,-0.72,5.765700000000038,0.06499999999999773,51,50
19,32.5,999.3146,30.804000000000002,-0.11,988.5554,30.808000000000003,-0.72,1002.395,30.7925,-0.21,991.6362,30.736,-0.82,5.759200000000078,0.004000000000001336,51,50
19,32.6,1002.395,30.7925,-0.21,991.6362,30.736,-0.82,1005.47425,30.771,-0.22,994.7098,30.654,-0.82,5.758799999999951,-0.05649999999999977,51,50
19,32.7,1005.47425,30.771,-0.22,994.7098,30.654,-0.82,1008.55135,30.7495,-0.32,997.7752,30.572,-0.92,5.764450000000011,-0.11700000000000088,51,50
19,32.8,1008.55135,30.7495,-0.32,997.7752,30.572,-0.92,1011.6263,30.718000000000004,-0.31,1000.8324,30.4805,-0.92,5.776149999999916,-0.177500000000002,51,50
19,32.9,1011.6263,30.718000000000004,-0.31,1000.8324,30.4805,-0.92,1014.6981,30.6865,-0.32,1003.88045,30.3885,-0.81,5.793900000000008,-0.23750000000000426,51,50
19,33.0,1014.6981,30.6865,-0.32,1003.88045,30.3885,-0.81,1017.76675,30.655,-0.31,1006.9193,30.307,-0.91,5.817649999999958,-0.29799999999999827,51,50
19,33.1,1017.76675,30.655,-0.31,1006.9193,30.307,-0.91,1020.83225,30.6235,-0.31,1009.95,30.215999999999998,-0.81,5.847449999999981,-0.34800000000000253,51,50
19,33.2,1020.83225,30.6235,-0.31,1009.95,30.215999999999998,-0.81,1023.8946,30.5925,-0.41,1012.9716,30.135,-0.81,5.882249999999999,-0.4075000000000024,51,50
19,33.3,1023.8946,30.5925,-0.41,1012.9716,30.135,-0.81,1026.95385,30.5515,-0.31,1015.9851,30.0545,-0.8,5.923000000000002,-0.4574999999999996,51,50
19,33.4,1026.95385,30.5515,-0.31,1015.9851,30.0545,-0.8,1030.009,30.5205,-0.31,1018.99055,29.974,-0.7,5.968750000000114,-0.4969999999999999,51,50
19,33.5,1030.009,30.5205,-0.31,1018.99055,29.974,-0.7,1033.06105,30.4895,-0.31,1021.98795,29.904,-0.7,6.01845000000003,-0.5464999999999982,51,50
19,33.6,1033.06105,30.4895,-0.31,1021.98795,29.904,-0.7,1036.11,30.459,-0.41,1024.97835,29.834,-0.7,6.073100000000068,-0.5854999999999997,51,50
19,33.7,1036.11,30.459,-0.41,1024.97835,29.834,-0.7,1039.1559,30.41800000000001,-0.31,1027.96175,29.7645,-0.6,6.131649999999809,-0.625,51,50
19,33.8,1039.1559,30.41800000000001,-0.31,1027.96175,29.7645,-0.6,1042.1977,30.3875,-0.3,1030.9382,29.705,-0.59,6.194150000000036,-0.6535000000000082,51,50
19,33.9,1042.1977,30.3875,-0.3,1030.9382,29.705,-0.59,1045.23645,30.357,-0.41,1033.9087,29.6455,-0.59,6.259499999999889,-0.682500000000001,51,50
19,34.0,1045.23645,30.357,-0.41,1033.9087,29.6455,-0.59,1048.27215,30.3165,-0.3,1036.87325,29.586,-0.6,6.327750000000151,-0.7115000000000009,51,50
19,34.1,1048.27215,30.3165,-0.3,1036.87325,29.586,-0.6,1051.3038,30.285999999999998,-0.4,1039.83185,29.5265,-0.49,6.398899999999912,-0.7305000000000028,51,50
19,34.2,1051.3038,30.285999999999998,-0.4,1039.83185,29.5265,-0.49,1054.3324,30.2455,-0.31,1042.7845,29.4775,-0.59,6.471949999999879,-0.7594999999999992,51,50
19,34.3,1054.3324,30.2455,-0.31,1042.7845,29.4775,-0.59,1057.35695,30.215,-0.3,1045.73225,29.41800000000001,-0.39,6.547900000000027,-0.7680000000000007,51,50
19,34.4,1057.35695,30.215,-0.3,1045.73225,29.41800000000001,-0.39,1060.37845,30.185,-0.4,1048.67405,29.3795,-0.49,6.624700000000075,-0.7969999999999899,51,50
19,34.5,1060.37845,30.185,-0.4,1048.67405,29.3795,-0.49,1063.39695,30.145,-0.2,1051.612,29.3305,-0.28,6.7043999999998505,-0.8054999999999986,51,50
19,34.6,1063.39695,30.145,-0.2,1051.612,29.3305,-0.28,1066.41145,30.125,-0.3,1054.54505,29.302,-0.39,6.784949999999981,-0.8144999999999989,51,50
19,34.7,1066.41145,30.125,-0.3,1054.54505,29.302,-0.39,1069.42395,30.095,-0.3,1057.47525,29.263,-0.28,6.866400000000112,-0.8230000000000004,51,50
19,34.8,1069.42395,30.095,-0.3,1057.47525,29.263,-0.28,1072.43345,30.0655,-0.19,1060.40155,29.2345,-0.18,6.948700000000144,-0.8319999999999972,51,50
19,34.9,1072.43345,30.0655,-0.19,1060.40155,29.2345,-0.18,1075.44,30.046,-0.19,1063.325,29.2165,-0.19,7.0318999999999505,-0.8309999999999995,51,50
19,35.0,1075.44,30.046,-0.19,1063.325,29.2165,-0.19,1078.4446,30.0265,-0.2,1066.24665,29.198,-0.18,7.115000000000009,-0.8294999999999995,51,50
19,35.1,1078.4446,30.0265,-0.2,1066.24665,29.198,-0.18,1081.44725,30.0065,-0.2,1069.16645,29.18,-0.09,7.197949999999992,-0.8284999999999982,51,50
19,35.2,1081.44725,30.0065,-0.2,1069.16645,29.18,-0.09,1084.4479,29.987,-0.2,1072.08445,29.1715,0.02,7.280799999999999,-0.8264999999999993,51,50
19,35.3,1084.4479,29.987,-0.2,1072.08445,29.1715,0.02,1087.4466,29.9675,-0.2,1075.0016,29.1735,-0.08,7.36344999999983,-0.8154999999999966,51,50
19,35.4,1087.4466,29.9675,-0.2,1075.0016,29.1735,-0.08,1090.44335,29.948,-0.2,1077.91895,29.1655,0.01,7.444999999999936,-0.7940000000000005,51,50
19,35.5,1090.44335,29.948,-0.2,1077.91895,29.1655,0.01,1093.43815,29.9285,-0.1,1080.8355,29.166999999999998,0.12,7.524400000000014,-0.7824999999999989,51,50
19,35.6,1093.43815,29.9285,-0.1,1080.8355,29.166999999999998,0.12,1096.431,29.9185,-0.2,1083.7522,29.179000000000002,0.02,7.60265000000004,-0.7615000000000016,51,50
19,35.7,1096.431,29.9185,-0.2,1083.7522,29.179000000000002,0.02,1099.42285,29.899,-0.2,1086.6701,29.180999999999997,0.12,7.6788000000001375,-0.7394999999999996,51,50
19,35.8,1099.42285,29.899,-0.2,1086.6701,29.180999999999997,0.12,1102.41275,29.879,-0.2,1089.5882,29.1925,0.11,7.752749999999878,-0.7180000000000035,51,50
19,35.9,1102.41275,29.879,-0.2,1089.5882,29.1925,0.11,1105.40065,29.859,-0.2,1092.50745,29.204,0.11,7.824550000000045,-0.6865000000000023,51,50
19,36.0,1105.40065,29.859,-0.2,1092.50745,29.204,0.11,1108.38655,29.8395,-0.2,1095.42785,29.215,0.11,7.893199999999979,-0.6550000000000011,51,50
19,36.1,1108.38655,29.8395,-0.2,1095.42785,29.215,0.11,1111.3705,29.8195,-0.2,1098.34935,29.2265,0.11,7.958699999999908,-0.6245000000000012,51,50
19,36.2,1111.3705,29.8195,-0.2,1098.34935,29.2265,0.11,1114.35245,29.7995,-0.2,1101.272,29.2375,0.11,8.021150000000034,-0.593,51,50
19,36.3,1114.35245,29.7995,-0.2,1101.272,29.2375,0.11,1117.3324,29.78,-0.1,1104.19575,29.2485,0.21,8.080450000000155,-0.5619999999999976,51,50
19,36.4,1117.3324,29.78,-0.1,1104.19575,29.2485,0.21,1120.3104,29.77,-0.19,1107.1206,29.2695,0.11,8.136649999999918,-0.5315000000000012,51,50
19,36.5,1120.3104,29.77,-0.19,1107.1206,29.2695,0.11,1123.2874,29.7505,-0.1,1110.04755,29.2805,0.21,8.189800000000105,-0.5004999999999988,51,50
19,36.6,1123.2874,29.7505,-0.1,1110.04755,29.2805,0.21,1126.26245,29.741,-0.1,1112.9756,29.3015,0.11,8.239849999999933,-0.46999999999999886,51,50
19,36.7,1126.26245,29.741,-0.1,1112.9756,29.3015,0.11,1129.23655,29.7315,-0.09,1115.90575,29.3125,0.2,8.286849999999959,-0.4394999999999989,51,50
19,36.8,1129.23655,29.7315,-0.09,1115.90575,29.3125,0.2,1132.2097,29.721999999999998,-0.1,1118.837,29.333000000000002,0.21,8.330800000000181,-0.4190000000000005,51,50
19,36.9,1132.2097,29.721999999999998,-0.1,1118.837,29.333000000000002,0.21,1135.1819,29.7125,0.01,1121.7703,29.3535,0.11,8.372700000000123,-0.3889999999999958,51,50
19,37.0,1135.1819,29.7125,0.01,1121.7703,29.3535,0.11,1138.15315,29.713,-0.09,1124.70565,29.3645,0.21,8.411600000000135,-0.3589999999999982,51,50
19,37.1,1138.15315,29.713,-0.09,1124.70565,29.3645,0.21,1141.12445,29.7035,0.01,1127.6421,29.385,0.2,8.447499999999991,-0.34850000000000136,51,50
19,37.2,1141.12445,29.7035,0.01,1127.6421,29.385,0.2,1144.0948,29.7045,0.11,1130.5806,29.4055,0.21,8.482349999999997,-0.3184999999999967,51,50
19,37.3,1144.0948,29.7045,0.11,1130.5806,29.4055,0.21,1147.06525,29.7155,0.01,1133.52115,29.426,0.2,8.514200000000073,-0.2989999999999995,51,50
19,37.4,1147.06525,29.7155,0.01,1133.52115,29.426,0.2,1150.0368,29.715999999999998,0.11,1136.46375,29.4465,0.21,8.544100000000071,-0.2895000000000003,51,50
19,37.5,1150.0368,29.715999999999998,0.11,1136.46375,29.4465,0.21,1153.0084,29.726999999999997,0.01,1139.4084,29.467,0.2,8.573050000000194,-0.2694999999999972,51,50
19,37.6,1153.0084,29.726999999999997,0.01,1139.4084,29.467,0.2,1155.9811,29.7275,0.11,1142.3551,29.487,0.1,8.599999999999909,-0.259999999999998,51,50
19,37.7,1155.9811,29.7275,0.11,1142.3551,29.487,0.1,1158.95385,29.7385,0.01,1145.3038,29.4975,0.2,8.625999999999976,-0.24050000000000082,51,50
19,37.8,1158.95385,29.7385,0.01,1145.3038,29.4975,0.2,1161.9277,29.739,0.11,1148.25355,29.5175,0.2,8.650050000000192,-0.24099999999999966,51,50
19,37.9,1161.9277,29.739,0.11,1148.25355,29.5175,0.2,1164.9016,29.7495,0.0,1151.2053,29.5375,0.1,8.674150000000054,-0.22150000000000247,51,50
19,38.0,1164.9016,29.7495,0.0,1151.2053,29.5375,0.1,1167.87655,29.7495,0.11,1154.15905,29.5475,0.09,8.696299999999837,-0.21199999999999974,51,50
19,38.1,1167.87655,29.7495,0.11,1154.15905,29.5475,0.09,1170.8515,29.76,0.0,1157.1138,29.557,0.1,8.717499999999973,-0.20200000000000173,51,50
19,38.2,1170.8515,29.76,0.0,1157.1138,29.557,0.1,1173.8275,29.7605,0.11,1160.0695,29.566999999999997,0.1,8.737699999999904,-0.20300000000000296,51,50
19,38.3,1173.8275,29.7605,0.11,1160.0695,29.566999999999997,0.1,1176.80355,29.771,0.11,1163.0262,29.576999999999998,0.2,8.758000000000038,-0.19350000000000378,51,50
19,38.4,1176.80355,29.771,0.11,1163.0262,29.576999999999998,0.2,1179.78065,29.7815,0.1,1165.9839,29.596999999999998,0.09,8.77735000000007,-0.19400000000000261,51,50
19,38.5,1179.78065,29.7815,0.1,1165.9839,29.596999999999998,0.09,1182.7588,29.791999999999998,0.11,1168.9436,29.6065,0.1,8.796749999999975,-0.18450000000000344,51,50
19,38.6,1182.7588,29.791999999999998,0.11,1168.9436,29.6065,0.1,1185.738,29.8025,0.2,1171.90425,29.6165,0.1,8.815200000000004,-0.18549999999999756,51,50
19,38.7,1185.738,29.8025,0.2,1171.90425,29.6165,0.1,1188.71825,29.823,0.21,1174.8659,29.6265,0.1,8.833750000000009,-0.18599999999999994,51,50
19,38.8,1188.71825,29.823,0.21,1174.8659,29.6265,0.1,1191.70055,29.844,0.21,1177.82855,29.6365,0.2,8.852349999999888,-0.19650000000000034,51,50
19,38.9,1191.70055,29.844,0.21,1177.82855,29.6365,0.2,1194.68495,29.865,0.31,1180.7922,29.6565,0.1,8.872000000000071,-0.20749999999999957,51,50
19,39.0,1194.68495,29.865,0.31,1180.7922,29.6565,0.1,1197.67145,29.896,0.21,1183.75785,29.6665,0.2,8.892749999999978,-0.20849999999999724,51,50
19,39.1,1197.67145,29.896,0.21,1183.75785,29.6665,0.2,1200.66105,29.916999999999998,0.41,1186.7245,29.6865,0.21,8.913600000000088,-0.2295000000000016,51,50
19,39.2,1200.66105,29.916999999999998,0.41,1186.7245,29.6865,0.21,1203.65275,29.958000000000002,0.41,1189.69315,29.706999999999997,0.2,8.936549999999897,-0.23049999999999926,51,50
19,39.3,1203.65275,29.958000000000002,0.41,1189.69315,29.706999999999997,0.2,1206.64855,29.9995,0.42,1192.66385,29.7275,0.21,8.95959999999991,-0.2510000000000048,51,50
19,39.4,1206.64855,29.9995,0.42,1192.66385,29.7275,0.21,1209.6485,30.041,0.41,1195.6366,29.748,0.31,8.984699999999975,-0.272000000000002,51,50
19,39.5,1209.6485,30.041,0.41,1195.6366,29.748,0.31,1212.6526,30.0825,0.52,1198.6114,29.779,0.31,9.011899999999969,-0.29299999999999926,51,50
19,39.6,1212.6526,30.0825,0.52,1198.6114,29.779,0.31,1215.66085,30.134,0.51,1201.5893,29.8095,0.41,9.04119999999989,-0.30349999999999966,51,50
19,39.7,1215.66085,30.134,0.51,1201.5893,29.8095,0.41,1218.67425,30.1855,0.61,1204.57025,29.8505,0.31,9.071549999999888,-0.32450000000000045,51,50
19,39.8,1218.67425,30.1855,0.61,1204.57025,29.8505,0.31,1221.6928,30.247,0.61,1207.5553,29.8815,0.41,9.104000000000042,-0.33500000000000085,51,50
19,39.9,1221.6928,30.247,0.61,1207.5553,29.8815,0.41,1224.7175,30.3085,0.62,1210.54345,29.9225,0.41,9.137500000000045,-0.3655000000000008,51,50
19,40.0,1224.7175,30.3085,0.62,1210.54345,29.9225,0.41,1227.74835,30.37,0.61,1213.5357,29.9635,0.41,9.17405000000008,-0.38599999999999923,51,50
19,40.1,1227.74835,30.37,0.61,1213.5357,29.9635,0.41,1230.78535,30.4315,0.71,1216.53205,30.0045,0.51,9.212650000000167,-0.4065000000000012,51,50
19,40.2,1230.78535,30.4315,0.71,1216.53205,30.0045,0.51,1233.8285,30.5025,0.61,1219.5325,30.0555,0.41,9.253300000000081,-0.4269999999999996,51,50
19,40.3,1233.8285,30.5025,0.61,1219.5325,30.0555,0.41,1236.87875,30.564,0.71,1222.53805,30.096,0.41,9.29600000000005,-0.44700000000000273,51,50
19,40.4,1236.87875,30.564,0.71,1222.53805,30.096,0.41,1239.93515,30.635,0.61,1225.54765,30.136999999999997,0.5,9.34069999999997,-0.46799999999999997,51,50
19,40.5,1239.93515,30.635,0.61,1225.54765,30.136999999999997,0.5,1242.99865,30.695999999999998,0.71,1228.56135,30.1875,0.41,9.387500000000045,-0.49800000000000466,51,50
19,40.6,1242.99865,30.695999999999998,0.71,1228.56135,30.1875,0.41,1246.06825,30.767,0.71,1231.5801,30.228,0.5,9.43730000000005,-0.508499999999998,51,50
19,40.7,1246.06825,30.767,0.71,1231.5801,30.228,0.5,1249.14495,30.838,0.71,1234.6029,30.2785,0.4,9.488150000000132,-0.5389999999999979,51,50
19,40.8,1249.14495,30.838,0.71,1234.6029,30.2785,0.4,1252.22875,30.909000000000002,0.81,1237.63075,30.31900000000001,0.51,9.542050000000017,-0.5594999999999999,51,50
19,40.9,1252.22875,30.909000000000002,0.81,1237.63075,30.31900000000001,0.51,1255.31965,30.99,0.71,1240.66265,30.37,0.5,9.597999999999956,-0.5899999999999928,51,50
19,41.0,1255.31965,30.99,0.71,1240.66265,30.37,0.5,1258.41865,31.061,0.81,1243.69965,30.4205,0.61,9.656999999999925,-0.6199999999999974,51,50
19,41.1,1258.41865,31.061,0.81,1243.69965,30.4205,0.61,1261.52475,31.142,0.81,1246.7417,30.4815,0.61,9.719000000000051,-0.6404999999999994,51,50
19,41.2,1261.52475,31.142,0.81,1246.7417,30.4815,0.61,1264.63895,31.22300000000001,0.81,1249.78985,30.5425,0.61,9.783050000000003,-0.660499999999999,51,50
19,41.3,1264.63895,31.22300000000001,0.81,1249.78985,30.5425,0.61,1267.76125,31.304000000000002,0.91,1252.8441,30.6035,0.61,9.849100000000135,-0.6805000000000092,51,50
19,41.4,1267.76125,31.304000000000002,0.91,1252.8441,30.6035,0.61,1270.89165,31.395,0.91,1255.90445,30.6645,0.6,9.917149999999992,-0.7005000000000017,51,50
19,41.5,1270.89165,31.395,0.91,1255.90445,30.6645,0.6,1274.03115,31.486,0.81,1258.9709,30.725,0.71,9.98720000000003,-0.7304999999999993,51,50
